<?xml version="1.0" encoding="UTF-8"?>
<Project>
    <params>
        <name>coshsp</name>
        <location>src/coshsp//c66/</location>
        <target>66</target>
        <buildArtifact>executable</buildArtifact>
        <files name="src/common//c66/lnk.cmd"/>
        <files name="src/coshsp/coshsp.h"/>
        <files name="src/coshsp/coshsp_d.c"/>
        <files name="src/coshsp//c66/coshsp.h"/>
        <files name="src/coshsp//c66/coshsp_i.h"/>
        <files name="src/common/drvsp.c"/>
        <files name="src/common/drvsp.h"/>
        <files name="src/common/driver.h"/>
        <files name="src/common/driver.c"/>
        <files name="src/common/common.h"/>
        <files name="src/common//c66/common.h"/>
        <cFlags> --mem_model:data=far</cFlags>
    </params>
</Project>
