<?xml version="1.0" encoding="UTF-8"?>
<Project>
    <params>
        <name>tansp</name>
        <location>src/tansp//c66/</location>
        <target>66</target>
        <buildArtifact>executable</buildArtifact>
        <files name="src/common//c66/lnk.cmd"/>
        <files name="src/tansp/tansp.h"/>
        <files name="src/tansp/tansp_d.c"/>
        <files name="src/tansp//c66/tansp.h"/>
        <files name="src/tansp//c66/tansp_i.h"/>
        <files name="src/common/drvsp.c"/>
        <files name="src/common/drvsp.h"/>
        <files name="src/common/driver.h"/>
        <files name="src/common/driver.c"/>
        <files name="src/common/common.h"/>
        <files name="src/common//c66/common.h"/>
        <cFlags> --mem_model:data=far</cFlags>
    </params>
</Project>
